Lemma / Expression	IPA	Grammar	CEFR Level	Definition (CN)	Context Sentence	Daily Sentence	Status
collateral damage	/kəˈlæt.ər.əl ˈdæm.ɪdʒ/	Noun Phrase	C1	附带损害；间接伤害	You were just <b>collateral damage</b> in Lalo's game.	Companies must minimize <b>collateral damage</b> during major restructuring.	正常
alibi	/ˈæl.ə.baɪ/	Noun (c)	B2	不在场证明	We need to make sure your <b>alibi</b> holds up under questioning.	He had a rock-solid <b>alibi</b> for the night of the burglary.	正常
coerce	/kəʊˈɜːs/	Verb (transitive)	C1	强迫；胁迫	Lalo managed to <b>coerce</b> Kim into carrying out his plan.	Witnesses should never be <b>coerced</b> into giving false testimonies.	正常
complicity	/kəmˈplɪs.ə.ti/	Noun (u)	C2	共谋；串通；同谋	Silence in this situation implies <b>complicity</b> in the crime.	She was accused of <b>complicity</b> in the corporate fraud scheme.	正常
clean slate	/kliːn sleɪt/	Noun Phrase	B2	重新开始；既往不咎	Mike offered them a chance for a <b>clean slate</b> after the body was moved.	Moving to a new city gave him a <b>clean slate</b> to rebuild his career.	正常
implicate	/ˈɪm.plɪ.keɪt/	Verb (transitive)	C1	牵连；卷入	Nothing found in this room should <b>implicate</b> either of you.	The newly discovered evidence directly <b>implicates</b> the senior official.	正常
containment	/kənˈteɪn.mənt/	Noun (u)	C1	控制；遏制（危机/情报）	Focus on damage <b>containment</b> before police arrive.	The government initiated strict <b>containment</b> measures to curb the outbreak.	正常
discretion	/dɪˈskreʃ.ən/	Noun (u)	B2	谨慎；保密；斟酌决定权	Mike urged them to exercise absolute <b>discretion</b> regarding what happened.	Staff members are expected to handle sensitive client data with <b>discretion</b>.	正常
insidious	/ɪnˈsɪd.i.əs/	Adjective	C2	暗中滋生的；隐蔽而祸害深重的	Lalo's presence had an <b>insidious</b> effect on their lives.	High inflation can have an <b>insidious</b> impact on low-income families.	正常
culpable	/ˈkʌl.pə.bəl/	Adjective	C2	应受谴责的；有罪的	They felt deeply <b>culpable</b> for Howard's tragic fate.	The manager was held legally <b>culpable</b> for the safety violations.	正常
subterfuge	/ˈsʌb.tə.fjuːdʒ/	Noun (c/u)	C2	诡计；托词；规避手段	The entire mission was built on a clever <b>subterfuge</b> to distract Gus.	He used financial <b>subterfuge</b> to hide his assets from tax authorities.	正常
cover-up	/ˈkʌv.ər.ʌp/	Noun (c)	B2	掩盖；掩饰（真相）	Mike's crew executed a meticulous <b>cover-up</b> at the apartment.	The investigation revealed an extensive political <b>cover-up</b>.	正常
ruthless	/ˈruːθ.ləs/	Adjective	B2	无情的；残忍的	Lalo proved to be a calculating and <b>ruthless</b> adversary.	She earned a reputation as a <b>ruthless</b> corporate negotiator.	正常
meticulous	/məˈtɪk.jə.ləs/	Adjective	C1	严谨的；极细致的	The clean-up team was <b>meticulous</b> in removing every drop of blood.	The audit required <b>meticulous</b> attention to financial records.	正常
calculated	/ˈkæl.kjə.leɪ.tɪd/	Adjective	C1	深思熟虑的；蓄意的	Every action Lalo took was a cold and <b>calculated</b> risk.	Taking early retirement was a <b>calculated</b> move to focus on private research.	正常
impunity	/ɪmˈpjuː.nə.ti/	Noun (u)	C2	免受惩罚；不受制裁	Criminals like Lalo operate as if they have complete <b>impunity</b>.	Corruption thrives when high-ranking officials act with <b>impunity</b>.	正常
trauma	/ˈtrɔː.mə/	Noun (c/u)	B2	精神创伤	Jimmy and Kim were left in acute shock and <b>trauma</b>.	Therapy helped her process the lingering emotional <b>trauma</b> of the accident.	正常
tamper with	/ˈtæm.pər wɪð/	Phrasal Verb	B2	篡改；乱动（证据）	Do not <b>tamper with</b> any details when giving your statement.	Someone tried to <b>tamper with</b> the security camera footage.	正常
intimidate	/ɪnˈtɪm.ɪ.deɪt/	Verb (transitive)	B2	恐吓；威胁	Lalo used physical violence to <b>intimidate</b> his targets.	The aggressive tone was clearly meant to <b>intimidate</b> the jury.	正常
clandestine	/klænˈdes.tɪn/	Adjective	C2	秘密的；暗中的	Gus conducted a <b>clandestine</b> operation beneath the laundry facility.	The two companies held a <b>clandestine</b> meeting to discuss the takeover.	正常
unnerve	/ʌnˈnɜːv/	Verb (transitive)	C1	使紧张；使失措	The eerie quietness in the room served to <b>unnerve</b> Kim completely.	The silent staring from the audience began to <b>unnerve</b> the speaker.	正常
orchestrate	/ˈɔː.kɪ.streɪt/	Verb (transitive)	C1	精心策划；安排	Gus had secretly <b>orchestrated</b> a trap inside the underground lab.	The marketing team <b>orchestrated</b> a successful product launch campaign.	正常
liable	/ˈlaɪ.ə.bəl/	Adjective	B2	有责任的；法律上有义务的	If police discover the truth, both of you will be held <b>liable</b>.	Parents can be held civilly <b>liable</b> for damage caused by minors.	正常
conspire	/kənˈspaɪər/	Verb (intransitive)	C1	密谋；图谋	Circumstances seemed to <b>conspire</b> against their attempts to escape.	Several executives were caught trying to <b>conspire</b> to fix market prices.	正常
repercussion	/ˌriː.pəˈkʌʃ.ən/	Noun (c, usually pl)	C1	不良后果；反弹影响	They had to face the severe <b>repercussions</b> of bringing Lalo into their lives.	Careless environmental policies will have long-term <b>repercussions</b>.	正常
distort	/dɪˈstɔːt/	Verb (transitive)	B2	歪曲；曲解（事实）	They had to <b>distort</b> the story so the police wouldn't suspect foul play.	Media outlets should not <b>distort</b> news coverage for political gain.	正常
deception	/dɪˈsep.ʃən/	Noun (c/u)	B2	欺骗；骗局	Their marriage was increasingly weighed down by secrets and <b>deception</b>.	The elaborate financial <b>deception</b> was uncovered by federal auditors.	正常
unwavering	/ʌnˈweɪ.vər.ɪŋ/	Adjective	C1	坚定的；不动摇的	Mike maintained an <b>unwavering</b> composure under extreme stress.	She expressed her <b>unwavering</b> support for the new community initiative.	正常
understatement	/ˈʌn.dəˈsteɪt.mənt/	Noun (c/u)	B2	轻描淡写；保守的陈述	Calling this situation dangerous would be a massive <b>understatement</b>.	To say he was mildly annoyed is a huge <b>understatement</b>.	正常
composure	/kəmˈpəʊ.ʒər/	Noun (u)	C2	沉着；冷静	Gus struggled to keep his <b>composure</b> when facing a deadly threat.	It takes great mental discipline to maintain <b>composure</b> during a crisis.	正常
plausible	/ˈplɔː.zə.bəl/	Adjective	B2	貌似合理的；可信的	Mike gave them a <b>plausible</b> story to tell the authorities.	Her explanation for being late sounded perfectly <b>plausible</b>.	正常
duress	/dʒuˈres/	Noun (u)	C2	强迫；胁迫（法律术语）	Any confession made under <b>duress</b> will be thrown out in court.	The contract was signed under <b>duress</b> and is legally invalid.	正常
dismantle	/dɪsˈmæn.təl/	Verb (transitive)	C1	拆除；废除（系统/构想）	Mike's team worked quickly to <b>dismantle</b> the crime scene setup.	The new director plans to <b>dismantle</b> the inefficient bureaucratic framework.	正常
jeopardize	/ˈdʒep.ə.daɪz/	Verb (transitive)	B2	危及；损害	One mistake could <b>jeopardize</b> the safety of everyone involved.	Neglecting regular maintenance will <b>jeopardize</b> the lifespan of the machine.	正常
standoff	/ˈstænd.ɒf/	Noun (c)	B2	僵局；对峙	The tense <b>standoff</b> in the dark lab ended in sudden gunshots.	Police surrounded the building, leading to a four-hour <b>standoff</b>.	正常
sinister	/ˈsɪn.ɪ.stər/	Adjective	B2	阴险的；邪恶的	Lalo gave a <b>sinister</b> smile before delivering his final instructions.	There was something deeply <b>sinister</b> about the abandoned mansion.	正常
premeditated	/ˌpriːˈmed.ɪ.teɪ.tɪd/	Adjective	C2	预谋的；有计划的	The shooting was a cold-blooded and <b>premeditated</b> act.	The prosecution argued that the theft was carefully <b>premeditated</b>.	正常
fabricate	/ˈfæb.rɪ.keɪt/	Verb (transitive)	C1	捏造；伪造	They had to <b>fabricate</b> a detailed backstory for Howard's disappearance.	It is illegal to <b>fabricate</b> financial documents during an audit.	正常
imminent	/ˈɪm.ɪ.nənt/	Adjective	B2	即将来临的；迫在眉睫的	Gus sensed that a fatal confrontation was <b>imminent</b>.	Residents were evacuated due to the <b>imminent</b> threat of flooding.	正常
remorseless	/rɪˈmɔːs.ləs/	Adjective	C2	冷酷无情的；毫无悔意的	Lalo was a <b>remorseless</b> killer who felt no pity for his victims.	The <b>remorseless</b> advance of the disease worried the medical team.	正常
scrutiny	/ˈskruː.tɪ.ni/	Noun (u)	C1	细致审查；仔细检查	Their story must withstand intense police <b>scrutiny</b>.	The new regulatory policies will come under close <b>scrutiny</b>.	正常
pivotal	/ˈpɪv.ə.təl/	Adjective	C1	关键的；枢纽的	This encounter marks a <b>pivotal</b> turning point in Saul's transformation.	A <b>pivotal</b> decision was made during yesterday's board meeting.	正常
impassive	/ɪmˈpæs.ɪv/	Adjective	C2	冷漠的；面无表情的	Mike remained completely <b>impassive</b> while cleaning up the body.	He kept an <b>impassive</b> face throughout the entire trial.	正常
unravel	/ʌnˈræv.əl/	Verb (intransitive/transitive)	C1	崩溃；解开（谜团）	Their carefully constructed life began to <b>unravel</b> rapidly.	Detectives worked around the clock to <b>unravel</b> the complex conspiracy.	正常
obliterate	/əˈblɪt.ər.eɪt/	Verb (transitive)	C1	彻底摧毁；抹去	They needed to <b>obliterate</b> any trace of physical evidence from the room.	The heavy bombing threatened to <b>obliterate</b> historic landmarks.	正常
contingency	/kənˈtɪn.dʒən.si/	Noun (c)	C2	应急预案；偶然事件	Gus had already prepared a secret <b>contingency</b> plan in the lab.	We must set aside extra budget as a <b>contingency</b> for unexpected delays.	正常
callous	/ˈkæl.əs/	Adjective	C2	冷酷无情的；起茧的	Lalo's <b>callous</b> disregard for human life horrified Kim.	Dismissing injured workers without compensation was a <b>callous</b> act.	正常
precarious	/prɪˈkeə.ri.əs/	Adjective	C1	不稳定的；危险的	Saul and Kim found themselves in an extremely <b>precarious</b> position.	The company's financial state remains highly <b>precarious</b>.	正常
ruthlessness	/ˈruːθ.ləs.nəs/	Noun (u)	C1	残忍；冷酷	Gus matched Lalo's strategic mind with equal <b>ruthlessness</b>.	Success in that hyper-competitive market required sheer <b>ruthlessness</b>.	正常
aftermath	/ˈɑːf.tə.mæθ/	Noun (sing/u)	C1	余波；后果（灾难或暴力后）	In the <b>aftermath</b> of the shooting, they were left traumatized.	The city struggled to recover in the <b>aftermath</b> of the severe earthquake.	正常
